UserID,Username,Acc Priv Category,Role,Entitlement,Acc Priv Group,Title,Department
M012263,Sophey Stook,PRINT MISCELLANEOUS FORMS,HR & PAYROLL - 3270,VIEW ACCESS HISTORY,CTP,Operations Administrator,Facility Manager
M415191,Yasmeen Ferreras,PRINT MISCELLANEOUS FORMS,RETAIL - IBS,ADD RETIREMENT EMPLOYER,ECD,Senior Investment Administrator,Facility Manager
M655523,Lauretta Gillyatt,CHANGE RETIREMENT PLAN BENEFICIARIES,RETAIL - IBS,DELETE HISTORICAL MISCELLANEOUS ACCOUNT,DEO,Operations Administrator,Treasury
M756868,Rania Farrens,CHANGE NAME AND ADDRESS,EXECUTIVE PERSONAL ASSISTANT - IBS,ENTER DOLLAR TRANSACTION - TRANSACTION ACCOUNT,ACL,Human Resources Generalist,Facility Manager
M152975,Cammie Minerdo,BANK CONTROL,EXECUTIVE PERSONAL ASSISTANT - IBS,ADJUST INTEREST CAPITALIZATION,AAI,VP,Teller Operations
M256332,Chrystel McMillan,HOUSEHOLD,XAA ADMIN,CHANGE CUSTODIAL INSTITUTION,AAI,Operations Administrator,Teller Operations
M585425,Tedi Mallabone,EOP SUPPORT TOOL,ACCOUNTING CLERK - IBS,VIEW RELATIONSHIP FEE DETAILS,CBTA,CRA Officer,Personal Banking
M950524,Kara Janda,FORMS,BO 43 ROLE,CHANGE CUSTODIAL INSTITUTION,CTMI,Chief Credit Risk Officer,Compliance
M963021,Cindy Holdren,INQUIRY ACTIVITIES,HP CST,REVERSE DOLLAR TRANSACTION,ECI,Universal Banker I,Teller Operations
M818911,Ashil Gronav,TICKLER,RETAIL - OPEN ACCOUNT - IBS,CHANGE CUSTODIAL INSTITUTION,IRS,EVP,Teller Operations
M795074,Joli Thunnerclef,EOP SUPPORT TOOL,RETAIL - 3270,DELETE HISTORICAL MISCELLANEOUS ACCOUNT,FRU,Operations Administrator,Executive
M813494,Torrin Prantoni,EOP SUPPORT TOOL,IBS LEGACY UI,REVERSE DOLLAR TRANSACTION,ECNT,EVP,Installment Loans
M771453,Melissa D'Cruze,PRINT MISCELLANEOUS FORMS,RETAIL - IBS,DELETE BILLING SETUP,IRS,Operations Administrator,Executive
M452165,Clemmie Baribal,CHANGE CUSTOMER DETAIL,HR & PAYROLL - 3270,ADD RETIREMENT EMPLOYER,CTP,VP,Personal Banking
M553722,Danya Beedle,INQUIRY ACTIVITIES,IBS LEGACY UI,CHANGE ACCOUNT PLAN OVERRIDES,CTMI,Universal Banker I,Treasury
M546332,Berny Latore,CHANGE RETIREMENT PLAN BENEFICIARIES,ACCOUNTING CLERK - IBS,VIEW ACCESS HISTORY,AAU,CRA Officer,Facility Manager
M532076,Fax Blase,TICKLER,ACCOUNTING CLERK - IBS,ADJUST INTEREST CAPITALIZATION,CTP,File Maintenance Supervisor,Personal Banking
M680705,Mattie Lovegrove,PRINT MISCELLANEOUS FORMS,EXECUTIVE PERSONAL ASSISTANT - IBS,VIEW ACCOUNT PAYOFF QUOTE,CTP,Loans,Facility Manager
M217375,Lannie Yanshinov,BANK CONTROL,EXECUTIVE PERSONAL ASSISTANT - IBS,DELETE MASS ESCROW ANALYSIS,DEO,EVP,Personal Banking
M782514,Niel Shovelton,CHANGE CUSTOMER DETAIL,CTR - 3270,VIEW ACCESS HISTORY,ECR,Loans,File Maintenance
M444524,West Paladino,EOP SUPPORT TOOL,BO 43 ROLE,ADJUST INTEREST CAPITALIZATION,ARU,Senior Investment Administrator,Facility Manager
M121357,Elyn Dever,EOP SUPPORT TOOL,EXECUTIVE PERSONAL ASSISTANT - IBS,ADD FLOAT,DEO,EVP,Personal Banking
M308694,Cristobal Kimbling,EOP SUPPORT TOOL,ATM TERMINAL ACCESS - 3270,VIEW ACCESS HISTORY,CTMI,VP,File Maintenance
M703996,Steffie Derobert,CHANGE DEPOSIT ACCOUNT DETAIL,RETAIL - OPEN ACCOUNT - IBS,COMPLETE ACCOUNT IN PROCESS,IRS,Operations Administrator,Personal Banking
M360458,Lucien MacKeogh,DATA ENTRY,RETAIL - 3270,VIEW ACCOUNT PLAN OVERRIDES,DEO,File Maintenance Supervisor,Compliance
M733533,Oates Demonge,ACCOUNT INFORMATION,HR & PAYROLL - 3270,08 ESTABLISH ACCOUNTS,AAI,Senior Investment Administrator,Facility Manager
M517715,Saul Lackeye,CHANGE NAME AND ADDRESS,HR & PAYROLL - 3270,VIEW ACCOUNT PLAN OVERRIDES,CTMI,Loans,Facility Manager
M091287,Datha Gyde,CHANGE CUSTOMER DETAIL,HR & PAYROLL - 3270,08 ESTABLISH ACCOUNTS,ACL,File Maintenance Supervisor,Executive
M150807,Vidovik Birdseye,INQUIRY ACTIVITIES,RETAIL - OPEN ACCOUNT - IBS,DELETE HISTORICAL MISCELLANEOUS ACCOUNT,IRS,CRA Officer,Executive
M495032,Delmor Van Arsdale,TICKLER,RETAIL - IBS,ADJUST INTEREST CAPITALIZATION,ECI,Operations Administrator,Teller Operations
M853624,Dyan Juris,TICKLER,BO 43 ROLE,VIEW RELATIONSHIP FEE DETAILS,CTP,Operations Administrator,Facility Manager
M226573,Norah Mavin,PRODUCT SETUP,WIRE TRANSFER CLERK - 3270,ADJUST INTEREST CAPITALIZATION,ACL,File Coordinator,Compliance
M792006,Davin Semken,HOUSEHOLD,ACCOUNTING CLERK - IBS,SEAMLESS LOGIN TO IBS BUSINESS INTELLIGENCE REPORT SCHEDULER,CTMI,Human Resources Generalist,Treasury
M472011,Pennie Gutch,EOP SUPPORT TOOL,XAA ADMIN,COMPLETE ACCOUNT IN PROCESS,IRS,Universal Banker I,Compliance
M075886,Meredeth Cheavin,ACCOUNT INFORMATION,ATM TERMINAL ACCESS - 3270,VIEW ACCOUNT PAYOFF QUOTE,CBU,Universal Teller,Compliance
M599519,Luke Dykes,ACCOUNT INFORMATION,EXECUTIVE PERSONAL ASSISTANT - IBS,VIEW ACCOUNT PLAN OVERRIDES,DEO,Operations Administrator,Executive
M492006,Dedie Maffeo,INQUIRY ACTIVITIES,WIRE TRANSFER CLERK - 3270,CHANGE CUSTODIAL INSTITUTION,DEO,Branch Manager I - Retail Banking Officer,Personal Banking
M239143,Shaylynn Strangeways,ACCOUNT INFORMATION,WIRE TRANSFER CLERK - 3270,DELETE HISTORICAL MISCELLANEOUS ACCOUNT,CTMI,File Maintenance Supervisor,Personal Banking
M912535,Cammy Rodson,ACCOUNT INFORMATION,RETAIL - IBS,SEAMLESS LOGIN TO IBS BUSINESS INTELLIGENCE REPORT SCHEDULER,ARU,Human Resources Generalist,Executive
M962698,Juline Custy,INQUIRY ACTIVITIES,XAA ADMIN,VIEW ACCOUNT PAYOFF QUOTE,ECD,Loans,File Maintenance
M920667,Faustina Billing,FORMS,FM SUPERVISOR - IBS,05 MAKE DECISION,IRS,File Coordinator,Treasury
M798767,Harley Sharrier,HOUSEHOLD,HR & PAYROLL - 3270,EMPLOYEE UPDATE - EXCEPTIONS,ARU,Chief Credit Risk Officer,Personal Banking
M950413,Cassi Sharple,PRINT MISCELLANEOUS FORMS,CTR - 3270,VIEW ACCOUNT PAYOFF QUOTE,CBU,CRA Officer,Personal Banking
M866037,Ros Tice,ACCOUNT INFORMATION,RETAIL - 3270,VIEW MASTER STRUCTURE,ECI,CRA Officer,Personal Banking
M051997,Germayne Berrigan,TICKLER,RETAIL - 3270,ENTER DOLLAR TRANSACTION - TRANSACTION ACCOUNT,CBTA,VP,Facility Manager
M603768,Gerta Tran,CHANGE NAME AND ADDRESS,TREASURY MANAGEMENT - 3270,REVERSE DOLLAR TRANSACTION,IRS,Operations Administrator,Facility Manager
M553956,Jany Churchyard,INQUIRY ACTIVITIES,FM SUPERVISOR - IBS,SEAMLESS LOGIN TO IBS BUSINESS INTELLIGENCE REPORT SCHEDULER,ECI,Human Resources Generalist,Facility Manager
M897156,Stephannie Estable,PRINT MISCELLANEOUS FORMS,ACCOUNTING CLERK - IBS,ADD FLOAT,IRS,Universal Teller,Executive
M076544,Herculie Brasseur,CHANGE DEPOSIT ACCOUNT DETAIL,WIRE TRANSFER CLERK - 3270,05 MAKE DECISION,ECR,Senior Investment Administrator,Executive
M261009,Ericha Mostin,PRINT MISCELLANEOUS FORMS,TREASURY MANAGEMENT - 3270,VIEW ACCOUNT PAYOFF QUOTE,CTP,File Maintenance Supervisor,Installment Loans
M315299,Corina Djekic,EOP SUPPORT TOOL,FM SUPERVISOR - IBS,VIEW RELATIONSHIP FEE DETAILS,ECI,Loans,Installment Loans
M779057,Wynnie Turpin,PRODUCT SETUP,RETAIL - 3270,ADD RETIREMENT EMPLOYER,ECR,Loans,Teller Operations
M479728,York Callister,EOP SUPPORT TOOL,RETAIL - IBS,SEAMLESS LOGIN TO IBS BUSINESS INTELLIGENCE REPORT SCHEDULER,CTP,EVP,Executive
M394855,Matthias Nettles,EOP SUPPORT TOOL,TREASURY MANAGEMENT - 3270,ADJUST INTEREST CAPITALIZATION,AAI,Human Resources Generalist,Personal Banking
M245471,Sigvard Danne,CHANGE DEPOSIT ACCOUNT DETAIL,RETAIL - OPEN ACCOUNT - IBS,DELETE HISTORICAL MISCELLANEOUS ACCOUNT,CTMI,File Coordinator,Executive
M759987,Currie Woolard,PENDING - LOANS,XAA ADMIN,DELETE BILLING SETUP,IRS,Branch Manager I - Retail Banking Officer,Facility Manager
M598344,Tiphanie Burree,TICKLER,RETAIL - OPEN ACCOUNT - IBS,ENTER DOLLAR TRANSACTION - TRANSACTION ACCOUNT,DEO,CRA Officer,Treasury
M971983,Saba Peasby,EOP SUPPORT TOOL,LOAN EXCEPTIONS DESKTOP - 3270,REVERSE DOLLAR TRANSACTION,CTMI,Human Resources Generalist,Installment Loans
M409658,Melisa Curner,ACCOUNT INFORMATION,BUSINESS DEVELOPMENT - 3270,VIEW ACCOUNT PAYOFF QUOTE,ACL,VP,Treasury
M342572,Spike Dirr,EOP SUPPORT TOOL,LOAN EXCEPTIONS DESKTOP - 3270,ADJUST INTEREST CAPITALIZATION,ECR,Senior Investment Administrator,Teller Operations
M807947,Charlot Veld,TICKLER,HP CST,VIEW RELATIONSHIP FEE DETAILS,ECI,EVP,File Maintenance
M714597,Veradis Hurles,EOP SUPPORT TOOL,RETAIL - IBS,ADD RETIREMENT EMPLOYER,ECI,Senior Investment Administrator,Treasury
M597877,Brice Portlock,TICKLER,BO 43 ROLE,05 MAKE DECISION,DEO,CRA Officer,Facility Manager
M102066,Perren Bechley,HOUSEHOLD,FM SUPERVISOR - IBS,VIEW RELATIONSHIP FEE DETAILS,ARU,VP,Personal Banking
M496028,Ingaborg O'Longain,INQUIRY ACTIVITIES,RETAIL - 3270,SEAMLESS LOGIN TO IBS BUSINESS INTELLIGENCE REPORT SCHEDULER,AAU,Branch Manager I - Retail Banking Officer,Personal Banking
M501771,Vivi Tomlin,FORMS,TREASURY MANAGEMENT - 3270,08 ESTABLISH ACCOUNTS,ACL,CRA Officer,Treasury
M050901,Dory Bulford,FORMS,HR & PAYROLL - 3270,EMPLOYEE UPDATE - EXCEPTIONS,CBU,File Coordinator,Executive
M372677,Fredric Sewart,PRODUCT SETUP,ACCOUNTING CLERK - IBS,ADJUST INTEREST CAPITALIZATION,DEO,Operations Administrator,Installment Loans
M926803,Brandi Heakey,COLLATERAL,RETAIL - IBS,REVERSE DOLLAR TRANSACTION,FRU,Universal Teller,Executive
M014227,Maitilde Ladson,HOUSEHOLD,IBS LEGACY UI,COMPLETE ACCOUNT IN PROCESS,CBU,VP,Installment Loans
M121526,Blinnie Mucillo,DATA ENTRY,TREASURY MANAGEMENT - 3270,VIEW MASTER STRUCTURE,ECR,Loans,Teller Operations
M842755,Baxy Caselli,TICKLER,XAA ADMIN,VIEW RELATIONSHIP FEE DETAILS,DEO,CRA Officer,Installment Loans
M070852,Leann Gierck,TICKLER,RETAIL - IBS,EMPLOYEE UPDATE - EXCEPTIONS,CTP,Universal Banker I,File Maintenance
M942992,Jarrod Abbyss,COLLATERAL,HR & PAYROLL - 3270,08 ESTABLISH ACCOUNTS,FRU,CRA Officer,Facility Manager
M275285,Pierce Lossman,DATA ENTRY,CTR - 3270,ENTER DOLLAR TRANSACTION - TRANSACTION ACCOUNT,ECD,File Coordinator,Personal Banking
M278576,Perkin Wittey,INQUIRY ACTIVITIES,TREASURY MANAGEMENT - 3270,CHANGE CUSTODIAL INSTITUTION,CBTA,EVP,Facility Manager
M975177,Terencio Wheatman,HOUSEHOLD,ACCOUNTING CLERK - IBS,SEAMLESS LOGIN TO IBS BUSINESS INTELLIGENCE REPORT SCHEDULER,CTMI,CRA Officer,Executive
M805509,Reed Micklewright,PRODUCT SETUP,HR & PAYROLL - 3270,EMPLOYEE UPDATE - EXCEPTIONS,CBU,Operations Administrator,Teller Operations
M421534,Rheba Eller,COLLATERAL,WIRE TRANSFER CLERK - 3270,CHANGE CUSTODIAL INSTITUTION,ECNT,CRA Officer,Facility Manager
M530605,Salome Crooks,TICKLER,BUSINESS DEVELOPMENT - 3270,08 ESTABLISH ACCOUNTS,ARU,CRA Officer,Personal Banking
M400044,Maurizio Pappin,DATA ENTRY,BUSINESS DEVELOPMENT - 3270,EMPLOYEE UPDATE - EXCEPTIONS,ECD,CRA Officer,Facility Manager
M317896,Marcia Franklyn,CONTAINER,BO 43 ROLE,ADJUST INTEREST CAPITALIZATION,CBU,VP,Facility Manager
M528892,Darcey Doole,CHANGE CUSTOMER DETAIL,HR & PAYROLL - 3270,ENTER DOLLAR TRANSACTION - TRANSACTION ACCOUNT,DEO,Operations Administrator,Facility Manager
M734235,Lana Kewley,CONTAINER,ACCOUNTING CLERK - IBS,08 ESTABLISH ACCOUNTS,CTMI,Chief Credit Risk Officer,Executive
M666770,Sollie Wilmut,INQUIRY ACTIVITIES,HP CST,ENTER DOLLAR TRANSACTION - TRANSACTION ACCOUNT,ACL,CRA Officer,Installment Loans
M525553,Valerye Danskine,PRINT MISCELLANEOUS FORMS,RETAIL - 3270,CHANGE ACCOUNT PLAN OVERRIDES,CBTA,Branch Manager I - Retail Banking Officer,Executive
M425163,Fidelia Dubs,PRODUCT SETUP,EXECUTIVE PERSONAL ASSISTANT - IBS,ADJUST INTEREST CAPITALIZATION,ECD,Senior Investment Administrator,File Maintenance
M609649,Stan Maggiori,PRINT MISCELLANEOUS FORMS,HR & PAYROLL - 3270,EMPLOYEE UPDATE - EXCEPTIONS,IRS,Senior Investment Administrator,Executive
M345046,Rona Pee,HOUSEHOLD,LOAN EXCEPTIONS DESKTOP - 3270,CHANGE CUSTODIAL INSTITUTION,ECI,File Coordinator,Treasury
M770919,Charissa Fishbie,CHANGE DEPOSIT ACCOUNT DETAIL,ATM TERMINAL ACCESS - 3270,ADD FLOAT,ECNT,Human Resources Generalist,File Maintenance
M709128,Wilt Lemmers,CHANGE CUSTOMER DETAIL,WIRE TRANSFER CLERK - 3270,CHANGE CUSTODIAL INSTITUTION,FRU,Senior Investment Administrator,Executive
M557803,Ramsay Bydaway,TICKLER,HP CST,DELETE MASS ESCROW ANALYSIS,IRS,EVP,Compliance
M814631,Aleece Idiens,TICKLER,HR & PAYROLL - 3270,DELETE HISTORICAL MISCELLANEOUS ACCOUNT,DEO,Chief Credit Risk Officer,Facility Manager
M716866,Albrecht MacPaik,CHANGE CUSTOMER DETAIL,HR & PAYROLL - 3270,VIEW ACCOUNT PAYOFF QUOTE,AAU,Human Resources Generalist,File Maintenance
M717001,Edgar Hecks,EOP SUPPORT TOOL,HR & PAYROLL - 3270,CHANGE ACCOUNT PLAN OVERRIDES,ACL,File Coordinator,Personal Banking
M202031,Gonzales Phebee,INQUIRY ACTIVITIES,HP CST,VIEW ACCESS HISTORY,ECR,Chief Credit Risk Officer,Personal Banking
M147014,Hermon Ledrun,TICKLER,WIRE TRANSFER CLERK - 3270,ADD RETIREMENT EMPLOYER,DEO,File Maintenance Supervisor,Compliance
M423449,Paton Labba,EOP SUPPORT TOOL,BUSINESS DEVELOPMENT - 3270,REVERSE DOLLAR TRANSACTION,DEO,File Coordinator,Facility Manager
M636281,Serene Jenman,COLLATERAL,XAA ADMIN,REVERSE DOLLAR TRANSACTION,ARU,CRA Officer,Teller Operations
M284989,Gav Sprackling,BANK CONTROL,RETAIL - OPEN ACCOUNT - IBS,VIEW ACCOUNT PAYOFF QUOTE,FRU,Senior Investment Administrator,Treasury
M864055,Marleah Reckhouse,FORMS,ATM TERMINAL ACCESS - 3270,VIEW ACCOUNT PLAN OVERRIDES,DEO,VP,Personal Banking
M168371,Carlene Jeans,PRODUCT SETUP,RETAIL - IBS,VIEW ACCESS HISTORY,ECD,File Coordinator,Executive
M952680,Stephi Dupoy,INQUIRY ACTIVITIES,ACCOUNTING CLERK - IBS,VIEW ACCOUNT PAYOFF QUOTE,CTP,CRA Officer,File Maintenance
M390304,Alessandro Maker,PRINT MISCELLANEOUS FORMS,TREASURY MANAGEMENT - 3270,VIEW ACCOUNT PLAN OVERRIDES,ECR,Branch Manager I - Retail Banking Officer,Teller Operations
M543842,Kamillah Klewi,PENDING - LOANS,LOAN EXCEPTIONS DESKTOP - 3270,REVERSE DOLLAR TRANSACTION,ECR,Universal Banker I,Compliance
M182904,Thalia Humblestone,CHANGE RETIREMENT PLAN BENEFICIARIES,RETAIL - 3270,VIEW ACCOUNT PLAN OVERRIDES,CBU,File Maintenance Supervisor,Executive
M963618,Kevina Kunc,FORMS,WIRE TRANSFER CLERK - 3270,ADJUST INTEREST CAPITALIZATION,FRU,CRA Officer,Installment Loans
M316149,Blaire Rosenfarb,PRINT MISCELLANEOUS FORMS,HR & PAYROLL - 3270,VIEW ACCOUNT PLAN OVERRIDES,AAI,Human Resources Generalist,Teller Operations
M592504,Parrnell Dani,CONTAINER,BO 43 ROLE,DELETE MASS ESCROW ANALYSIS,ECD,Chief Credit Risk Officer,Facility Manager
M583869,Antonetta Yanshonok,BANK CONTROL,IBS LEGACY UI,ENTER DOLLAR TRANSACTION - TRANSACTION ACCOUNT,CBTA,Universal Teller,Facility Manager
M181983,Gerda Ribchester,PRINT MISCELLANEOUS FORMS,BUSINESS DEVELOPMENT - 3270,VIEW ACCOUNT PLAN OVERRIDES,ACL,Human Resources Generalist,Personal Banking
M937380,Annabel Pechet,HOUSEHOLD,IBS LEGACY UI,CHANGE ACCOUNT PLAN OVERRIDES,ARU,VP,Treasury
M402301,Haley Thody,COLLATERAL,HR & PAYROLL - 3270,05 MAKE DECISION,FRU,Branch Manager I - Retail Banking Officer,Installment Loans
M158818,Gorden Barton,FORMS,HR & PAYROLL - 3270,DELETE MASS ESCROW ANALYSIS,FRU,Loans,Personal Banking
M660295,Willy Bracegirdle,EOP SUPPORT TOOL,WIRE TRANSFER CLERK - 3270,ENTER DOLLAR TRANSACTION - TRANSACTION ACCOUNT,ECNT,Chief Credit Risk Officer,Executive
M303546,Nonah Brickstock,BANK CONTROL,ATM TERMINAL ACCESS - 3270,ADD RETIREMENT EMPLOYER,IRS,EVP,Teller Operations
M106464,Kathryne McCafferty,CHANGE NAME AND ADDRESS,RETAIL - IBS,CHANGE CUSTODIAL INSTITUTION,DEO,Universal Banker I,File Maintenance
M981994,Sebastien Pretor,TICKLER,IBS LEGACY UI,05 MAKE DECISION,CTP,Chief Credit Risk Officer,Compliance
M304277,Doris Seer,BANK CONTROL,RETAIL - OPEN ACCOUNT - IBS,DELETE BILLING SETUP,CBU,Loans,Executive
M687872,Nara Greenside,INQUIRY ACTIVITIES,HR & PAYROLL - 3270,CHANGE ACCOUNT PLAN OVERRIDES,AAU,File Coordinator,Facility Manager
M281406,Aimee Itscowics,HOUSEHOLD,HR & PAYROLL - 3270,VIEW MASTER STRUCTURE,AAU,File Coordinator,Facility Manager
M927888,Josee Goldston,EOP SUPPORT TOOL,TREASURY MANAGEMENT - 3270,REVERSE DOLLAR TRANSACTION,ECD,CRA Officer,Facility Manager
M215434,Malcolm Lafflina,PRINT MISCELLANEOUS FORMS,WIRE TRANSFER CLERK - 3270,EMPLOYEE UPDATE - EXCEPTIONS,ARU,Chief Credit Risk Officer,Personal Banking
M185078,Thorpe Eyden,DATA ENTRY,RETAIL - IBS,VIEW ACCOUNT PAYOFF QUOTE,DEO,CRA Officer,Personal Banking
M575577,Merline Gullen,ACCOUNT INFORMATION,ATM TERMINAL ACCESS - 3270,VIEW ACCOUNT PAYOFF QUOTE,ECR,Operations Administrator,File Maintenance
M835049,Martyn Green,EOP SUPPORT TOOL,CTR - 3270,ADD FLOAT,ECNT,Human Resources Generalist,Executive
M594888,Edlin Jiran,CHANGE CUSTOMER DETAIL,ATM TERMINAL ACCESS - 3270,ADJUST INTEREST CAPITALIZATION,DEO,CRA Officer,Facility Manager
M352446,Callean Woodings,TICKLER,HP CST,CHANGE ACCOUNT PLAN OVERRIDES,IRS,CRA Officer,Teller Operations
M945496,Myrtia Putnam,CONTAINER,BO 43 ROLE,ADD FLOAT,AAU,File Coordinator,File Maintenance
M647255,Alwyn Lowthorpe,INQUIRY ACTIVITIES,EXECUTIVE PERSONAL ASSISTANT - IBS,ADD FLOAT,ECI,File Coordinator,Facility Manager
M151832,Bili Kelby,PRINT MISCELLANEOUS FORMS,ACCOUNTING CLERK - IBS,ADJUST INTEREST CAPITALIZATION,CTMI,Human Resources Generalist,File Maintenance
M669236,Aline August,PENDING - LOANS,IBS LEGACY UI,REVERSE DOLLAR TRANSACTION,CTMI,Operations Administrator,File Maintenance
M721646,Hayward Ebertz,ACCOUNT INFORMATION,BUSINESS DEVELOPMENT - 3270,VIEW ACCOUNT PLAN OVERRIDES,CTMI,Chief Credit Risk Officer,Facility Manager
M970609,Butch Halliberton,FORMS,TREASURY MANAGEMENT - 3270,EMPLOYEE UPDATE - EXCEPTIONS,CBTA,Branch Manager I - Retail Banking Officer,Personal Banking
M863062,Pascale Plester,CHANGE DEPOSIT ACCOUNT DETAIL,HR & PAYROLL - 3270,VIEW ACCESS HISTORY,ACL,Chief Credit Risk Officer,Compliance
M194835,Berty Mulqueen,PRINT MISCELLANEOUS FORMS,RETAIL - 3270,ENTER DOLLAR TRANSACTION - TRANSACTION ACCOUNT,ARU,Loans,Executive
M055647,Kamila Touret,ACCOUNT INFORMATION,EXECUTIVE PERSONAL ASSISTANT - IBS,ADJUST INTEREST CAPITALIZATION,ECR,Senior Investment Administrator,Facility Manager
M088981,Bennett O'Logan,PRINT MISCELLANEOUS FORMS,RETAIL - OPEN ACCOUNT - IBS,ENTER DOLLAR TRANSACTION - TRANSACTION ACCOUNT,DEO,Chief Credit Risk Officer,Personal Banking
M729561,Gunar Mc Trusty,HOUSEHOLD,FM SUPERVISOR - IBS,REVERSE DOLLAR TRANSACTION,CBU,Operations Administrator,Facility Manager
M767113,Roselle Girsch,INQUIRY ACTIVITIES,BO 43 ROLE,COMPLETE ACCOUNT IN PROCESS,DEO,File Coordinator,Facility Manager
M696564,Joanie Novacek,CHANGE CUSTOMER DETAIL,WIRE TRANSFER CLERK - 3270,VIEW ACCOUNT PAYOFF QUOTE,ACL,Operations Administrator,Treasury
M302649,Natka Ogborn,PRINT MISCELLANEOUS FORMS,RETAIL - 3270,ADJUST INTEREST CAPITALIZATION,AAU,Operations Administrator,Facility Manager
M765438,Estell Rabidge,PENDING - LOANS,RETAIL - 3270,EMPLOYEE UPDATE - EXCEPTIONS,CTP,Senior Investment Administrator,Executive
M033410,Alard Quinnet,CHANGE NAME AND ADDRESS,BUSINESS DEVELOPMENT - 3270,ENTER DOLLAR TRANSACTION - TRANSACTION ACCOUNT,ECI,Senior Investment Administrator,Teller Operations
M295809,Estele Benois,PRINT MISCELLANEOUS FORMS,TREASURY MANAGEMENT - 3270,ENTER DOLLAR TRANSACTION - TRANSACTION ACCOUNT,DEO,File Coordinator,Personal Banking
M196320,Rakel Abelson,FORMS,EXECUTIVE PERSONAL ASSISTANT - IBS,VIEW ACCESS HISTORY,IRS,Loans,Treasury
M071115,Ashlen Cluckie,TICKLER,RETAIL - IBS,REVERSE DOLLAR TRANSACTION,FRU,VP,Personal Banking
M182062,Nettle Hedin,EOP SUPPORT TOOL,FM SUPERVISOR - IBS,SEAMLESS LOGIN TO IBS BUSINESS INTELLIGENCE REPORT SCHEDULER,IRS,Chief Credit Risk Officer,File Maintenance
M414361,Dickie Pealing,BANK CONTROL,RETAIL - OPEN ACCOUNT - IBS,SEAMLESS LOGIN TO IBS BUSINESS INTELLIGENCE REPORT SCHEDULER,CBU,Operations Administrator,Personal Banking
M018960,Agosto Skeermer,CHANGE DEPOSIT ACCOUNT DETAIL,HR & PAYROLL - 3270,08 ESTABLISH ACCOUNTS,DEO,EVP,Facility Manager
M335589,Jacquelin Redwood,PRINT MISCELLANEOUS FORMS,RETAIL - IBS,ADD RETIREMENT EMPLOYER,CTMI,CRA Officer,Facility Manager
M066563,Debbie Dani,PRINT MISCELLANEOUS FORMS,BO 43 ROLE,CHANGE ACCOUNT PLAN OVERRIDES,CTMI,Senior Investment Administrator,Executive
M165553,Reeba Siggins,CONTAINER,BUSINESS DEVELOPMENT - 3270,SEAMLESS LOGIN TO IBS BUSINESS INTELLIGENCE REPORT SCHEDULER,ECR,EVP,Personal Banking
M593270,Aeriel Pharaoh,PRINT MISCELLANEOUS FORMS,BUSINESS DEVELOPMENT - 3270,05 MAKE DECISION,IRS,Senior Investment Administrator,Treasury
M154631,Laverne Caisley,EOP SUPPORT TOOL,BUSINESS DEVELOPMENT - 3270,COMPLETE ACCOUNT IN PROCESS,CBU,File Maintenance Supervisor,Treasury
M669099,Kerby Speerman,PENDING - LOANS,HR & PAYROLL - 3270,ADJUST INTEREST CAPITALIZATION,ECI,Senior Investment Administrator,Installment Loans
M341173,Noach Jerrim,EOP SUPPORT TOOL,LOAN EXCEPTIONS DESKTOP - 3270,CHANGE CUSTODIAL INSTITUTION,CBU,Universal Banker I,Treasury
M286925,Roseline Linklet,EOP SUPPORT TOOL,HR & PAYROLL - 3270,DELETE HISTORICAL MISCELLANEOUS ACCOUNT,DEO,VP,File Maintenance
M587747,Wake Batisse,PENDING - LOANS,WIRE TRANSFER CLERK - 3270,ADJUST INTEREST CAPITALIZATION,DEO,CRA Officer,Personal Banking
M977561,Marti Bubeer,EOP SUPPORT TOOL,ATM TERMINAL ACCESS - 3270,DELETE BILLING SETUP,CTP,VP,Compliance
M861911,Chrisy Osmant,HOUSEHOLD,WIRE TRANSFER CLERK - 3270,05 MAKE DECISION,CTP,Operations Administrator,Treasury
M296198,Donella Meenehan,FORMS,BUSINESS DEVELOPMENT - 3270,ENTER DOLLAR TRANSACTION - TRANSACTION ACCOUNT,ARU,File Maintenance Supervisor,Executive
M084291,Ravid Torricina,PRINT MISCELLANEOUS FORMS,XAA ADMIN,08 ESTABLISH ACCOUNTS,CBU,CRA Officer,Personal Banking
M662391,Lamar Brunet,CHANGE NAME AND ADDRESS,HP CST,ADJUST INTEREST CAPITALIZATION,CBU,CRA Officer,Installment Loans
M724146,Elysia Costanza,TICKLER,ATM TERMINAL ACCESS - 3270,05 MAKE DECISION,ECNT,Operations Administrator,Personal Banking
M083623,Theresina Fritchley,PRINT MISCELLANEOUS FORMS,EXECUTIVE PERSONAL ASSISTANT - IBS,ADD FLOAT,ECD,CRA Officer,Compliance
M016470,Basia Greenlees,PRINT MISCELLANEOUS FORMS,XAA ADMIN,05 MAKE DECISION,FRU,File Maintenance Supervisor,Facility Manager
M374689,Kellby Taveriner,TICKLER,EXECUTIVE PERSONAL ASSISTANT - IBS,VIEW ACCOUNT PLAN OVERRIDES,CBU,VP,Compliance
M225168,Mohandas Dominichelli,COLLATERAL,WIRE TRANSFER CLERK - 3270,SEAMLESS LOGIN TO IBS BUSINESS INTELLIGENCE REPORT SCHEDULER,AAU,Universal Banker I,Teller Operations
M359358,Dalli Knighton,EOP SUPPORT TOOL,RETAIL - OPEN ACCOUNT - IBS,ADD RETIREMENT EMPLOYER,DEO,EVP,Facility Manager
M658710,Marchelle Coushe,CHANGE NAME AND ADDRESS,EXECUTIVE PERSONAL ASSISTANT - IBS,VIEW ACCOUNT PLAN OVERRIDES,CBTA,VP,Facility Manager
M994343,Wrennie Kuschel,PRINT MISCELLANEOUS FORMS,CTR - 3270,CHANGE CUSTODIAL INSTITUTION,AAI,Chief Credit Risk Officer,Facility Manager
M469909,Adelheid Pyser,PRINT MISCELLANEOUS FORMS,CTR - 3270,VIEW ACCOUNT PAYOFF QUOTE,CTP,Chief Credit Risk Officer,Personal Banking
M632890,Paxon Oswell,ACCOUNT INFORMATION,HR & PAYROLL - 3270,VIEW RELATIONSHIP FEE DETAILS,IRS,Branch Manager I - Retail Banking Officer,Executive
M023998,Giacopo Scartifield,CHANGE CUSTOMER DETAIL,HR & PAYROLL - 3270,VIEW MASTER STRUCTURE,ACL,Operations Administrator,Executive
M290545,Manda Illingsworth,BANK CONTROL,TREASURY MANAGEMENT - 3270,ADJUST INTEREST CAPITALIZATION,AAI,CRA Officer,Personal Banking
M218276,Elsa Deluce,PRINT MISCELLANEOUS FORMS,HR & PAYROLL - 3270,VIEW ACCESS HISTORY,AAU,Operations Administrator,Treasury
M911483,Kendall Sowle,DATA ENTRY,TREASURY MANAGEMENT - 3270,DELETE MASS ESCROW ANALYSIS,CBTA,Chief Credit Risk Officer,Executive
M695431,Gill Craggs,PRINT MISCELLANEOUS FORMS,XAA ADMIN,VIEW ACCOUNT PLAN OVERRIDES,FRU,Loans,File Maintenance
M063219,Kay Bontine,TICKLER,HR & PAYROLL - 3270,ENTER DOLLAR TRANSACTION - TRANSACTION ACCOUNT,DEO,Operations Administrator,Facility Manager
M924500,Adorne Gellert,CHANGE CUSTOMER DETAIL,HR & PAYROLL - 3270,05 MAKE DECISION,CTP,CRA Officer,Installment Loans
M469588,Janna Murtell,EOP SUPPORT TOOL,FM SUPERVISOR - IBS,VIEW ACCOUNT PAYOFF QUOTE,DEO,EVP,Installment Loans
M842985,Jo Lynthal,TICKLER,IBS LEGACY UI,ADD RETIREMENT EMPLOYER,ECI,Branch Manager I - Retail Banking Officer,Executive
M170833,Yves Grinyov,COLLATERAL,WIRE TRANSFER CLERK - 3270,EMPLOYEE UPDATE - EXCEPTIONS,CBTA,CRA Officer,Teller Operations
M097937,Lonny Herreran,COLLATERAL,TREASURY MANAGEMENT - 3270,REVERSE DOLLAR TRANSACTION,AAU,EVP,Facility Manager
M155043,Jayne Bouch,ACCOUNT INFORMATION,LOAN EXCEPTIONS DESKTOP - 3270,DELETE MASS ESCROW ANALYSIS,CTP,Senior Investment Administrator,Teller Operations
M446232,Antoinette Woolger,DATA ENTRY,HR & PAYROLL - 3270,05 MAKE DECISION,DEO,Human Resources Generalist,Installment Loans
M378420,Arthur Hexam,CHANGE NAME AND ADDRESS,HR & PAYROLL - 3270,ENTER DOLLAR TRANSACTION - TRANSACTION ACCOUNT,CBU,Operations Administrator,Teller Operations
M618543,Savina Cubbit,CONTAINER,BO 43 ROLE,VIEW RELATIONSHIP FEE DETAILS,AAI,Senior Investment Administrator,Installment Loans
M958047,Avram Doncom,CHANGE NAME AND ADDRESS,EXECUTIVE PERSONAL ASSISTANT - IBS,ENTER DOLLAR TRANSACTION - TRANSACTION ACCOUNT,CTMI,CRA Officer,Teller Operations
M127855,Myer Gillinghams,FORMS,BO 43 ROLE,VIEW ACCESS HISTORY,ECD,Branch Manager I - Retail Banking Officer,Executive
M579258,Odey Graber,EOP SUPPORT TOOL,LOAN EXCEPTIONS DESKTOP - 3270,VIEW MASTER STRUCTURE,AAU,Chief Credit Risk Officer,Treasury
M658802,Rafferty Mateo,EOP SUPPORT TOOL,XAA ADMIN,ENTER DOLLAR TRANSACTION - TRANSACTION ACCOUNT,ECR,Universal Teller,Installment Loans
M080176,Wittie Tumayan,FORMS,WIRE TRANSFER CLERK - 3270,CHANGE ACCOUNT PLAN OVERRIDES,IRS,Loans,File Maintenance
M873945,Verna Every,CHANGE DEPOSIT ACCOUNT DETAIL,HR & PAYROLL - 3270,SEAMLESS LOGIN TO IBS BUSINESS INTELLIGENCE REPORT SCHEDULER,ECI,Human Resources Generalist,File Maintenance
M714143,Curcio Roblett,INQUIRY ACTIVITIES,WIRE TRANSFER CLERK - 3270,VIEW MASTER STRUCTURE,IRS,CRA Officer,Personal Banking
M312433,Nelia Pulford,CHANGE CUSTOMER DETAIL,RETAIL - IBS,DELETE HISTORICAL MISCELLANEOUS ACCOUNT,ECNT,File Maintenance Supervisor,Facility Manager
M031872,Welbie Barnewall,PRINT MISCELLANEOUS FORMS,BO 43 ROLE,05 MAKE DECISION,AAU,Universal Banker I,Facility Manager
M969855,Granger Rudledge,CHANGE RETIREMENT PLAN BENEFICIARIES,HP CST,DELETE MASS ESCROW ANALYSIS,CTP,Human Resources Generalist,Teller Operations
M443506,Berrie Sorel,PENDING - LOANS,HP CST,VIEW ACCOUNT PLAN OVERRIDES,CTP,Operations Administrator,Installment Loans
M037901,Renaldo Roblett,PRODUCT SETUP,HR & PAYROLL - 3270,05 MAKE DECISION,ECR,Operations Administrator,File Maintenance
M100317,Margarette Eggar,INQUIRY ACTIVITIES,RETAIL - 3270,VIEW ACCOUNT PLAN OVERRIDES,CTP,Operations Administrator,Installment Loans
M134002,Fredek Bonsale,CHANGE CUSTOMER DETAIL,TREASURY MANAGEMENT - 3270,DELETE MASS ESCROW ANALYSIS,CBTA,VP,Facility Manager
M969313,Antons Wilgar,CONTAINER,CTR - 3270,DELETE HISTORICAL MISCELLANEOUS ACCOUNT,CBU,Operations Administrator,Personal Banking
M822341,Montague Bretelle,COLLATERAL,EXECUTIVE PERSONAL ASSISTANT - IBS,REVERSE DOLLAR TRANSACTION,CTP,Universal Teller,Personal Banking
M049012,Silvanus Fleming,CONTAINER,BO 43 ROLE,ADJUST INTEREST CAPITALIZATION,ACL,VP,Teller Operations
M229702,Ferrel De Luna,EOP SUPPORT TOOL,EXECUTIVE PERSONAL ASSISTANT - IBS,ADJUST INTEREST CAPITALIZATION,CBTA,Universal Banker I,Personal Banking
M716133,Neile Lambert,CHANGE RETIREMENT PLAN BENEFICIARIES,XAA ADMIN,CHANGE ACCOUNT PLAN OVERRIDES,CTMI,EVP,Facility Manager
M942551,Renata Messiter,TICKLER,RETAIL - OPEN ACCOUNT - IBS,ENTER DOLLAR TRANSACTION - TRANSACTION ACCOUNT,DEO,VP,Facility Manager
M458816,Winni Goldwater,TICKLER,RETAIL - OPEN ACCOUNT - IBS,ADD FLOAT,ECNT,Universal Banker I,Installment Loans
M351997,Noami Nourse,PRODUCT SETUP,FM SUPERVISOR - IBS,VIEW RELATIONSHIP FEE DETAILS,CBTA,Branch Manager I - Retail Banking Officer,Personal Banking
M488904,Shandeigh Collings,COLLATERAL,HP CST,DELETE HISTORICAL MISCELLANEOUS ACCOUNT,ARU,Chief Credit Risk Officer,Facility Manager
M158440,Avery Kordova,CHANGE NAME AND ADDRESS,HR & PAYROLL - 3270,VIEW RELATIONSHIP FEE DETAILS,IRS,Universal Banker I,Installment Loans
M593425,Giffie Gleed,COLLATERAL,FM SUPERVISOR - IBS,05 MAKE DECISION,DEO,Chief Credit Risk Officer,Personal Banking
M892207,Katharine Thorns,ACCOUNT INFORMATION,BO 43 ROLE,VIEW ACCOUNT PLAN OVERRIDES,ARU,Senior Investment Administrator,Teller Operations
M364995,Claudetta Sodory,TICKLER,RETAIL - IBS,REVERSE DOLLAR TRANSACTION,AAI,VP,File Maintenance
M252065,Kelila Gehrts,PRODUCT SETUP,EXECUTIVE PERSONAL ASSISTANT - IBS,VIEW ACCOUNT PAYOFF QUOTE,CBU,Operations Administrator,Executive
M889654,Walsh Insoll,CHANGE DEPOSIT ACCOUNT DETAIL,IBS LEGACY UI,VIEW MASTER STRUCTURE,CBU,Chief Credit Risk Officer,Executive
M224638,Rakel Ausher,PRINT MISCELLANEOUS FORMS,XAA ADMIN,ENTER DOLLAR TRANSACTION - TRANSACTION ACCOUNT,IRS,Chief Credit Risk Officer,Facility Manager
M544266,Gabbey Duran,CHANGE RETIREMENT PLAN BENEFICIARIES,RETAIL - IBS,VIEW ACCOUNT PLAN OVERRIDES,CTMI,Operations Administrator,Facility Manager
M070196,Lisha Boole,TICKLER,RETAIL - OPEN ACCOUNT - IBS,CHANGE ACCOUNT PLAN OVERRIDES,ARU,Universal Banker I,Personal Banking
M611978,Karleen Comar,EOP SUPPORT TOOL,CTR - 3270,ENTER DOLLAR TRANSACTION - TRANSACTION ACCOUNT,CTP,EVP,Personal Banking
M290952,Sherwood Kerford,PENDING - LOANS,ACCOUNTING CLERK - IBS,VIEW ACCOUNT PAYOFF QUOTE,CTMI,Universal Teller,Personal Banking
M696361,Gwenore Pumphreys,CHANGE NAME AND ADDRESS,EXECUTIVE PERSONAL ASSISTANT - IBS,VIEW ACCESS HISTORY,CBU,Loans,Teller Operations
M317221,Rosanna Donati,TICKLER,RETAIL - OPEN ACCOUNT - IBS,VIEW ACCOUNT PAYOFF QUOTE,CTP,Operations Administrator,Facility Manager
M387809,Christoph Fogden,EOP SUPPORT TOOL,RETAIL - 3270,VIEW RELATIONSHIP FEE DETAILS,FRU,CRA Officer,Facility Manager
M599210,Bogey Domone,BANK CONTROL,RETAIL - 3270,VIEW MASTER STRUCTURE,ECD,File Coordinator,Facility Manager
M562691,Barbabas Giacopini,INQUIRY ACTIVITIES,ACCOUNTING CLERK - IBS,VIEW ACCOUNT PAYOFF QUOTE,AAI,EVP,Facility Manager
M468349,Edsel Lardier,FORMS,CTR - 3270,COMPLETE ACCOUNT IN PROCESS,ECI,Operations Administrator,Executive
M446297,Davie Bollen,PENDING - LOANS,IBS LEGACY UI,08 ESTABLISH ACCOUNTS,CBU,Universal Banker I,Treasury
M205376,Eugenie Haucke,INQUIRY ACTIVITIES,HP CST,DELETE MASS ESCROW ANALYSIS,FRU,EVP,Facility Manager
M875225,Elke Filipowicz,EOP SUPPORT TOOL,HR & PAYROLL - 3270,DELETE HISTORICAL MISCELLANEOUS ACCOUNT,CBU,File Coordinator,Treasury
M645023,Nicky Hickford,DATA ENTRY,TREASURY MANAGEMENT - 3270,ADD FLOAT,AAI,CRA Officer,Personal Banking
M116118,Honoria Lomb,PRODUCT SETUP,ACCOUNTING CLERK - IBS,VIEW RELATIONSHIP FEE DETAILS,CTP,EVP,Teller Operations
M757189,Gaylene Saby,PENDING - LOANS,RETAIL - 3270,SEAMLESS LOGIN TO IBS BUSINESS INTELLIGENCE REPORT SCHEDULER,CBU,CRA Officer,File Maintenance
M707105,Jonah Hamly,INQUIRY ACTIVITIES,FM SUPERVISOR - IBS,05 MAKE DECISION,ECNT,Senior Investment Administrator,Facility Manager
M332993,Menard Stelfox,TICKLER,XAA ADMIN,SEAMLESS LOGIN TO IBS BUSINESS INTELLIGENCE REPORT SCHEDULER,CBTA,Human Resources Generalist,Installment Loans
M040193,Gilberta Corriea,ACCOUNT INFORMATION,RETAIL - OPEN ACCOUNT - IBS,VIEW ACCOUNT PAYOFF QUOTE,ACL,Chief Credit Risk Officer,File Maintenance
M335264,Giacobo Sterman,PRINT MISCELLANEOUS FORMS,TREASURY MANAGEMENT - 3270,CHANGE ACCOUNT PLAN OVERRIDES,AAU,CRA Officer,Installment Loans
M611398,Sydney Elster,CHANGE NAME AND ADDRESS,EXECUTIVE PERSONAL ASSISTANT - IBS,ADD RETIREMENT EMPLOYER,ECD,Chief Credit Risk Officer,Compliance
M214255,Pansy Caroll,CHANGE DEPOSIT ACCOUNT DETAIL,RETAIL - 3270,VIEW ACCOUNT PLAN OVERRIDES,ECI,EVP,File Maintenance
M757383,Joe Yanez,BANK CONTROL,EXECUTIVE PERSONAL ASSISTANT - IBS,VIEW ACCESS HISTORY,CTP,Senior Investment Administrator,Compliance
M870919,Tremayne Gorler,ACCOUNT INFORMATION,XAA ADMIN,CHANGE ACCOUNT PLAN OVERRIDES,ARU,Human Resources Generalist,Compliance
M539778,Artair Snooks,COLLATERAL,HR & PAYROLL - 3270,ADJUST INTEREST CAPITALIZATION,CTMI,VP,Facility Manager
M184766,Ulrika Trusler,PRODUCT SETUP,TREASURY MANAGEMENT - 3270,ADJUST INTEREST CAPITALIZATION,AAU,VP,Teller Operations
M078052,Kira McCutheon,EOP SUPPORT TOOL,WIRE TRANSFER CLERK - 3270,ENTER DOLLAR TRANSACTION - TRANSACTION ACCOUNT,ECI,Universal Banker I,File Maintenance
M119932,Fabiano Albion,PRINT MISCELLANEOUS FORMS,IBS LEGACY UI,COMPLETE ACCOUNT IN PROCESS,ECI,Operations Administrator,File Maintenance
M376183,Rahal Hriinchenko,TICKLER,EXECUTIVE PERSONAL ASSISTANT - IBS,VIEW RELATIONSHIP FEE DETAILS,CTMI,Loans,Teller Operations
M924961,Sileas Beckensall,PENDING - LOANS,RETAIL - IBS,VIEW RELATIONSHIP FEE DETAILS,ECI,Operations Administrator,Compliance
M594387,Lanie Molfino,INQUIRY ACTIVITIES,HR & PAYROLL - 3270,DELETE HISTORICAL MISCELLANEOUS ACCOUNT,AAI,CRA Officer,File Maintenance
M630129,Leonora Frost,CHANGE RETIREMENT PLAN BENEFICIARIES,EXECUTIVE PERSONAL ASSISTANT - IBS,VIEW ACCOUNT PAYOFF QUOTE,CTMI,Senior Investment Administrator,Personal Banking
M885919,Karin Pena,CONTAINER,ATM TERMINAL ACCESS - 3270,ADD FLOAT,CTP,EVP,Teller Operations
M692514,Augustine Eastam,DATA ENTRY,TREASURY MANAGEMENT - 3270,DELETE MASS ESCROW ANALYSIS,CTP,Human Resources Generalist,File Maintenance
M426510,Cathleen Reburn,ACCOUNT INFORMATION,ACCOUNTING CLERK - IBS,DELETE BILLING SETUP,ARU,Branch Manager I - Retail Banking Officer,Facility Manager
M892545,Bryan Witty,BANK CONTROL,RETAIL - IBS,EMPLOYEE UPDATE - EXCEPTIONS,ECD,CRA Officer,Executive
M458372,Giordano Douthwaite,ACCOUNT INFORMATION,CTR - 3270,VIEW ACCOUNT PAYOFF QUOTE,CBU,Operations Administrator,Teller Operations
M213688,Adi Lambersen,EOP SUPPORT TOOL,EXECUTIVE PERSONAL ASSISTANT - IBS,CHANGE CUSTODIAL INSTITUTION,CTP,EVP,Executive
M181359,Olenka Sculley,ACCOUNT INFORMATION,FM SUPERVISOR - IBS,08 ESTABLISH ACCOUNTS,AAI,Branch Manager I - Retail Banking Officer,File Maintenance
M602200,Efrem Crolla,PENDING - LOANS,CTR - 3270,08 ESTABLISH ACCOUNTS,ACL,Senior Investment Administrator,Installment Loans
M019932,Vina Cossington,CHANGE CUSTOMER DETAIL,BUSINESS DEVELOPMENT - 3270,DELETE HISTORICAL MISCELLANEOUS ACCOUNT,ECI,Universal Teller,Facility Manager
M335069,Panchito Matz,DATA ENTRY,EXECUTIVE PERSONAL ASSISTANT - IBS,DELETE BILLING SETUP,FRU,File Coordinator,Teller Operations
M857029,Lorie Dougliss,PRINT MISCELLANEOUS FORMS,RETAIL - IBS,EMPLOYEE UPDATE - EXCEPTIONS,AAI,Operations Administrator,Personal Banking
M306380,Jacquenetta Kuschke,DATA ENTRY,IBS LEGACY UI,VIEW MASTER STRUCTURE,CBU,Senior Investment Administrator,Executive
M367904,Sammy Kilgannon,FORMS,XAA ADMIN,DELETE MASS ESCROW ANALYSIS,CTMI,Branch Manager I - Retail Banking Officer,Executive
M426094,Niall Dowty,CHANGE NAME AND ADDRESS,HR & PAYROLL - 3270,ADD RETIREMENT EMPLOYER,CTP,Universal Banker I,Executive
M296697,Barr Jaycocks,COLLATERAL,ACCOUNTING CLERK - IBS,COMPLETE ACCOUNT IN PROCESS,ACL,CRA Officer,Treasury
M348752,Iggy Marvell,FORMS,BO 43 ROLE,ADJUST INTEREST CAPITALIZATION,CTMI,Human Resources Generalist,Executive
M761477,Sadie Bellamy,TICKLER,RETAIL - 3270,REVERSE DOLLAR TRANSACTION,CTP,Universal Teller,Compliance
M644029,Henrieta Silmon,ACCOUNT INFORMATION,ATM TERMINAL ACCESS - 3270,SEAMLESS LOGIN TO IBS BUSINESS INTELLIGENCE REPORT SCHEDULER,ACL,Universal Teller,Personal Banking
M511057,Frederik Brayley,PRODUCT SETUP,LOAN EXCEPTIONS DESKTOP - 3270,ENTER DOLLAR TRANSACTION - TRANSACTION ACCOUNT,DEO,CRA Officer,Treasury
M706544,Horatius Schofield,PRINT MISCELLANEOUS FORMS,WIRE TRANSFER CLERK - 3270,ENTER DOLLAR TRANSACTION - TRANSACTION ACCOUNT,CTP,Human Resources Generalist,Facility Manager
M653285,Windy Dwyr,EOP SUPPORT TOOL,XAA ADMIN,VIEW ACCOUNT PLAN OVERRIDES,ECD,VP,Executive
M729612,Gwynne Coit,TICKLER,IBS LEGACY UI,ENTER DOLLAR TRANSACTION - TRANSACTION ACCOUNT,FRU,CRA Officer,Facility Manager
M145450,Kenon Ivie,TICKLER,RETAIL - 3270,CHANGE CUSTODIAL INSTITUTION,CBU,Operations Administrator,File Maintenance
M156839,Cammy Fortesquieu,FORMS,HR & PAYROLL - 3270,ADJUST INTEREST CAPITALIZATION,ECD,Loans,Facility Manager
M363030,Beryle Shower,DATA ENTRY,IBS LEGACY UI,08 ESTABLISH ACCOUNTS,AAU,EVP,Facility Manager
M428173,Sheba Hansard,BANK CONTROL,EXECUTIVE PERSONAL ASSISTANT - IBS,ENTER DOLLAR TRANSACTION - TRANSACTION ACCOUNT,ACL,Human Resources Generalist,Treasury
M015470,Kelcie Bodicum,FORMS,BO 43 ROLE,DELETE MASS ESCROW ANALYSIS,ECD,File Coordinator,Personal Banking
M871976,Casar Lidell,TICKLER,CTR - 3270,VIEW MASTER STRUCTURE,CBU,File Coordinator,Executive
M809235,Tiebout Burchmore,CONTAINER,ACCOUNTING CLERK - IBS,COMPLETE ACCOUNT IN PROCESS,ECI,Operations Administrator,Executive
M221085,Winonah Axon,CHANGE NAME AND ADDRESS,IBS LEGACY UI,ENTER DOLLAR TRANSACTION - TRANSACTION ACCOUNT,CTP,EVP,Facility Manager
M320643,Shalom Kid,CHANGE RETIREMENT PLAN BENEFICIARIES,LOAN EXCEPTIONS DESKTOP - 3270,VIEW ACCESS HISTORY,ECI,Operations Administrator,File Maintenance
M586098,Pate MacGillavery,ACCOUNT INFORMATION,WIRE TRANSFER CLERK - 3270,CHANGE ACCOUNT PLAN OVERRIDES,CTMI,Universal Teller,Facility Manager
M432747,Ddene Waterfall,PENDING - LOANS,XAA ADMIN,EMPLOYEE UPDATE - EXCEPTIONS,CBU,Chief Credit Risk Officer,Installment Loans
M092020,Teodoor Peplay,ACCOUNT INFORMATION,EXECUTIVE PERSONAL ASSISTANT - IBS,ADD FLOAT,CBU,Senior Investment Administrator,Executive
M965162,Jaime Nary,PENDING - LOANS,EXECUTIVE PERSONAL ASSISTANT - IBS,DELETE BILLING SETUP,IRS,Operations Administrator,Facility Manager
M238015,Farlie Tilley,BANK CONTROL,EXECUTIVE PERSONAL ASSISTANT - IBS,08 ESTABLISH ACCOUNTS,IRS,Loans,Executive
M515400,Edgardo Daintier,INQUIRY ACTIVITIES,CTR - 3270,ADJUST INTEREST CAPITALIZATION,IRS,File Coordinator,Treasury
M490910,Pia Jermy,CHANGE CUSTOMER DETAIL,RETAIL - OPEN ACCOUNT - IBS,COMPLETE ACCOUNT IN PROCESS,FRU,File Coordinator,Personal Banking
M031841,Amalia Keeton,PRINT MISCELLANEOUS FORMS,HR & PAYROLL - 3270,DELETE BILLING SETUP,ECNT,Operations Administrator,Installment Loans
M595892,Wain Randalston,EOP SUPPORT TOOL,ATM TERMINAL ACCESS - 3270,08 ESTABLISH ACCOUNTS,FRU,CRA Officer,Teller Operations
M977363,Darrell Orhtmann,COLLATERAL,IBS LEGACY UI,VIEW MASTER STRUCTURE,DEO,EVP,Personal Banking
M461722,Conan Davydochkin,FORMS,TREASURY MANAGEMENT - 3270,DELETE MASS ESCROW ANALYSIS,CTP,File Coordinator,File Maintenance
M072647,Crista Oulner,FORMS,LOAN EXCEPTIONS DESKTOP - 3270,ADJUST INTEREST CAPITALIZATION,CBTA,File Coordinator,Facility Manager
M934959,Tiff Smurthwaite,CHANGE NAME AND ADDRESS,WIRE TRANSFER CLERK - 3270,DELETE MASS ESCROW ANALYSIS,CBTA,Loans,Compliance
M143376,Hershel Kerss,CHANGE RETIREMENT PLAN BENEFICIARIES,TREASURY MANAGEMENT - 3270,COMPLETE ACCOUNT IN PROCESS,IRS,Human Resources Generalist,File Maintenance
M199524,Maurie Conrath,HOUSEHOLD,EXECUTIVE PERSONAL ASSISTANT - IBS,VIEW MASTER STRUCTURE,ECI,Operations Administrator,Executive
M880117,Jenn Garwood,CHANGE DEPOSIT ACCOUNT DETAIL,BUSINESS DEVELOPMENT - 3270,05 MAKE DECISION,CTP,Loans,File Maintenance
M855558,Faith Stelfox,CHANGE DEPOSIT ACCOUNT DETAIL,HR & PAYROLL - 3270,VIEW ACCOUNT PAYOFF QUOTE,ARU,VP,Personal Banking
M793352,Carroll Hullins,PRINT MISCELLANEOUS FORMS,CTR - 3270,CHANGE ACCOUNT PLAN OVERRIDES,DEO,Universal Banker I,Personal Banking
M698832,Jeannette Lottrington,EOP SUPPORT TOOL,EXECUTIVE PERSONAL ASSISTANT - IBS,VIEW ACCOUNT PAYOFF QUOTE,DEO,File Coordinator,Facility Manager
M905674,Ronny Wanell,INQUIRY ACTIVITIES,ACCOUNTING CLERK - IBS,VIEW ACCESS HISTORY,ECNT,Operations Administrator,Facility Manager
M589553,Stefan Tebbut,INQUIRY ACTIVITIES,HR & PAYROLL - 3270,ADD FLOAT,ECR,Loans,File Maintenance
M364859,Murial De Freitas,PRINT MISCELLANEOUS FORMS,EXECUTIVE PERSONAL ASSISTANT - IBS,VIEW RELATIONSHIP FEE DETAILS,ECNT,Loans,Facility Manager
M839170,Jesus Tampen,PRINT MISCELLANEOUS FORMS,HP CST,ADD RETIREMENT EMPLOYER,CBU,Loans,Facility Manager
M091848,Gib Kiddie,PRINT MISCELLANEOUS FORMS,XAA ADMIN,REVERSE DOLLAR TRANSACTION,CTP,Chief Credit Risk Officer,Personal Banking
M430404,Ethan Fearnley,CHANGE CUSTOMER DETAIL,BUSINESS DEVELOPMENT - 3270,DELETE HISTORICAL MISCELLANEOUS ACCOUNT,ECI,File Coordinator,Treasury
M536278,Jedd Flecknoe,FORMS,HR & PAYROLL - 3270,COMPLETE ACCOUNT IN PROCESS,CBU,Branch Manager I - Retail Banking Officer,Personal Banking
M910959,Bentlee Ragge,BANK CONTROL,ACCOUNTING CLERK - IBS,DELETE MASS ESCROW ANALYSIS,CTP,Chief Credit Risk Officer,Facility Manager
M299564,Steffen O'Hollegan,COLLATERAL,XAA ADMIN,05 MAKE DECISION,ACL,File Maintenance Supervisor,Treasury
M933890,Berty Goodship,CHANGE RETIREMENT PLAN BENEFICIARIES,CTR - 3270,ADD FLOAT,DEO,Loans,File Maintenance
M639359,Codie Chilles,CHANGE RETIREMENT PLAN BENEFICIARIES,RETAIL - IBS,COMPLETE ACCOUNT IN PROCESS,CBU,Universal Teller,Personal Banking
M923644,Leonie MacDwyer,EOP SUPPORT TOOL,CTR - 3270,DELETE BILLING SETUP,CTMI,Senior Investment Administrator,Facility Manager
M368859,Roderic Gomby,PRINT MISCELLANEOUS FORMS,BO 43 ROLE,DELETE MASS ESCROW ANALYSIS,CTMI,Universal Teller,Facility Manager
M632369,Roxane Bortolotti,PRINT MISCELLANEOUS FORMS,TREASURY MANAGEMENT - 3270,EMPLOYEE UPDATE - EXCEPTIONS,ECNT,Operations Administrator,Facility Manager
M793118,Missy Pandya,CHANGE DEPOSIT ACCOUNT DETAIL,RETAIL - 3270,DELETE BILLING SETUP,CTP,CRA Officer,Treasury
M683773,Genni Guild,PRODUCT SETUP,RETAIL - IBS,05 MAKE DECISION,FRU,Chief Credit Risk Officer,Executive
M608423,Fletcher Ajsik,FORMS,WIRE TRANSFER CLERK - 3270,VIEW ACCOUNT PAYOFF QUOTE,ECI,Chief Credit Risk Officer,File Maintenance
M985131,Hort Dulton,CHANGE DEPOSIT ACCOUNT DETAIL,ACCOUNTING CLERK - IBS,08 ESTABLISH ACCOUNTS,FRU,EVP,Facility Manager
M357644,Lina Ovitts,INQUIRY ACTIVITIES,RETAIL - OPEN ACCOUNT - IBS,REVERSE DOLLAR TRANSACTION,DEO,Chief Credit Risk Officer,Facility Manager
M608833,Zedekiah Bellon,HOUSEHOLD,LOAN EXCEPTIONS DESKTOP - 3270,05 MAKE DECISION,ARU,CRA Officer,File Maintenance
M216995,Devonna Pedri,EOP SUPPORT TOOL,EXECUTIVE PERSONAL ASSISTANT - IBS,VIEW ACCOUNT PLAN OVERRIDES,CTMI,Universal Teller,Teller Operations
M822554,Stillman Mar,TICKLER,LOAN EXCEPTIONS DESKTOP - 3270,DELETE HISTORICAL MISCELLANEOUS ACCOUNT,AAU,Senior Investment Administrator,Executive
M398018,Glenden Evitts,FORMS,CTR - 3270,CHANGE CUSTODIAL INSTITUTION,ECR,Branch Manager I - Retail Banking Officer,Facility Manager
M510342,Dniren Bougourd,CHANGE DEPOSIT ACCOUNT DETAIL,BO 43 ROLE,ADJUST INTEREST CAPITALIZATION,CTMI,Senior Investment Administrator,Installment Loans
M369983,Gaelan Fancutt,TICKLER,HP CST,DELETE BILLING SETUP,CTP,Operations Administrator,Executive
M871895,Fawn Digman,COLLATERAL,EXECUTIVE PERSONAL ASSISTANT - IBS,ADD RETIREMENT EMPLOYER,DEO,Operations Administrator,Executive
M333112,Daisy Penvarden,CHANGE DEPOSIT ACCOUNT DETAIL,CTR - 3270,VIEW MASTER STRUCTURE,IRS,Operations Administrator,Facility Manager
M646255,Frieda Wulfinger,TICKLER,IBS LEGACY UI,VIEW ACCESS HISTORY,ECD,Universal Teller,Facility Manager
M379823,Robin Wiggin,EOP SUPPORT TOOL,ACCOUNTING CLERK - IBS,VIEW MASTER STRUCTURE,AAU,CRA Officer,Personal Banking
M220972,Xenos Dofty,PRODUCT SETUP,WIRE TRANSFER CLERK - 3270,05 MAKE DECISION,ECR,EVP,Installment Loans
M468887,Cherye Rist,DATA ENTRY,EXECUTIVE PERSONAL ASSISTANT - IBS,DELETE MASS ESCROW ANALYSIS,IRS,Operations Administrator,File Maintenance
M473669,Ev Cyphus,BANK CONTROL,FM SUPERVISOR - IBS,VIEW ACCOUNT PLAN OVERRIDES,ACL,Senior Investment Administrator,Facility Manager
M297317,Clementine Klesse,EOP SUPPORT TOOL,ATM TERMINAL ACCESS - 3270,VIEW ACCOUNT PAYOFF QUOTE,CTP,Universal Banker I,Treasury
M446425,Livvyy Leathes,EOP SUPPORT TOOL,HP CST,COMPLETE ACCOUNT IN PROCESS,DEO,File Maintenance Supervisor,Teller Operations
M015417,Doria Simond,EOP SUPPORT TOOL,IBS LEGACY UI,VIEW ACCESS HISTORY,ECI,Branch Manager I - Retail Banking Officer,Facility Manager
M301511,Jarrid Skellington,PRODUCT SETUP,FM SUPERVISOR - IBS,COMPLETE ACCOUNT IN PROCESS,CTMI,Loans,Teller Operations
M434320,Benedikt Lymer,BANK CONTROL,XAA ADMIN,VIEW RELATIONSHIP FEE DETAILS,CBU,CRA Officer,Executive
M540876,Rusty Lawrenz,PRINT MISCELLANEOUS FORMS,FM SUPERVISOR - IBS,REVERSE DOLLAR TRANSACTION,CBU,Operations Administrator,Personal Banking
M834369,Lane Newsham,ACCOUNT INFORMATION,RETAIL - 3270,VIEW ACCOUNT PAYOFF QUOTE,CBU,Universal Teller,Executive
M049554,Letta Cale,CHANGE CUSTOMER DETAIL,EXECUTIVE PERSONAL ASSISTANT - IBS,EMPLOYEE UPDATE - EXCEPTIONS,CBTA,Operations Administrator,Executive
M738714,Ilyse Kilbane,TICKLER,EXECUTIVE PERSONAL ASSISTANT - IBS,CHANGE ACCOUNT PLAN OVERRIDES,CTMI,Human Resources Generalist,Installment Loans
M750173,Jephthah McCerery,INQUIRY ACTIVITIES,XAA ADMIN,ADD RETIREMENT EMPLOYER,ECD,Universal Banker I,Facility Manager
M301280,Betteann MacGragh,TICKLER,HR & PAYROLL - 3270,VIEW ACCOUNT PLAN OVERRIDES,CBU,Universal Banker I,Facility Manager
M507004,Nissa Corby,TICKLER,ACCOUNTING CLERK - IBS,COMPLETE ACCOUNT IN PROCESS,CBU,VP,Installment Loans
M416075,Sherline Mattussevich,HOUSEHOLD,HR & PAYROLL - 3270,SEAMLESS LOGIN TO IBS BUSINESS INTELLIGENCE REPORT SCHEDULER,IRS,EVP,Executive
M495676,Konstantin McMychem,PENDING - LOANS,BO 43 ROLE,ADJUST INTEREST CAPITALIZATION,IRS,Senior Investment Administrator,Teller Operations
M294449,Denni Lacey,EOP SUPPORT TOOL,RETAIL - OPEN ACCOUNT - IBS,ENTER DOLLAR TRANSACTION - TRANSACTION ACCOUNT,CBU,Operations Administrator,Installment Loans
M351487,Jaquelyn Hopewell,DATA ENTRY,BUSINESS DEVELOPMENT - 3270,ADD RETIREMENT EMPLOYER,ECI,VP,Personal Banking
M113998,Sigismond Filson,CHANGE DEPOSIT ACCOUNT DETAIL,RETAIL - 3270,EMPLOYEE UPDATE - EXCEPTIONS,ECI,EVP,Personal Banking
M575863,Jazmin Nutton,CONTAINER,LOAN EXCEPTIONS DESKTOP - 3270,VIEW RELATIONSHIP FEE DETAILS,IRS,Branch Manager I - Retail Banking Officer,Teller Operations
M328870,Daniela Fawloe,PENDING - LOANS,FM SUPERVISOR - IBS,CHANGE CUSTODIAL INSTITUTION,ARU,VP,Facility Manager
M357293,Paule Wallentin,DATA ENTRY,HR & PAYROLL - 3270,VIEW ACCOUNT PLAN OVERRIDES,ECD,Human Resources Generalist,Compliance
M747360,Alysia Starrs,COLLATERAL,RETAIL - OPEN ACCOUNT - IBS,VIEW MASTER STRUCTURE,CTP,CRA Officer,Facility Manager
M343011,Barbe Covotti,CHANGE RETIREMENT PLAN BENEFICIARIES,CTR - 3270,VIEW MASTER STRUCTURE,CTMI,Loans,Personal Banking
M321251,Noelle Corn,FORMS,EXECUTIVE PERSONAL ASSISTANT - IBS,CHANGE ACCOUNT PLAN OVERRIDES,CTMI,Branch Manager I - Retail Banking Officer,Facility Manager
M034030,Meredeth O'Kelly,TICKLER,HP CST,VIEW ACCOUNT PAYOFF QUOTE,ECNT,Human Resources Generalist,Personal Banking
M528057,Ardella Giamelli,CHANGE NAME AND ADDRESS,EXECUTIVE PERSONAL ASSISTANT - IBS,VIEW ACCOUNT PAYOFF QUOTE,ARU,Branch Manager I - Retail Banking Officer,Treasury
M061255,Moselle Currall,EOP SUPPORT TOOL,RETAIL - IBS,ADJUST INTEREST CAPITALIZATION,CTP,Universal Banker I,Installment Loans
M505620,Ansell Turvie,INQUIRY ACTIVITIES,EXECUTIVE PERSONAL ASSISTANT - IBS,REVERSE DOLLAR TRANSACTION,CBU,Human Resources Generalist,Teller Operations
M510276,Cyndi Buard,DATA ENTRY,CTR - 3270,EMPLOYEE UPDATE - EXCEPTIONS,FRU,CRA Officer,Personal Banking
M972992,Karie Halsho,EOP SUPPORT TOOL,HP CST,COMPLETE ACCOUNT IN PROCESS,DEO,File Coordinator,Personal Banking
M550380,Kenton Wareing,PRODUCT SETUP,HR & PAYROLL - 3270,VIEW ACCOUNT PLAN OVERRIDES,DEO,Chief Credit Risk Officer,Facility Manager
M508102,Rosie Szymczyk,CHANGE NAME AND ADDRESS,TREASURY MANAGEMENT - 3270,DELETE HISTORICAL MISCELLANEOUS ACCOUNT,ECI,Chief Credit Risk Officer,Installment Loans
M679187,Bridget Liff,TICKLER,ATM TERMINAL ACCESS - 3270,CHANGE CUSTODIAL INSTITUTION,CTP,CRA Officer,Personal Banking
M710666,Lenette Lyddy,INQUIRY ACTIVITIES,BUSINESS DEVELOPMENT - 3270,CHANGE CUSTODIAL INSTITUTION,CTMI,VP,Treasury
M308839,Burt Michelet,FORMS,HR & PAYROLL - 3270,EMPLOYEE UPDATE - EXCEPTIONS,CTMI,Universal Banker I,Executive
M610408,Ethelin Brislane,COLLATERAL,HR & PAYROLL - 3270,DELETE BILLING SETUP,CBU,Universal Banker I,Personal Banking
M651667,Mirna Slayford,BANK CONTROL,ACCOUNTING CLERK - IBS,05 MAKE DECISION,ECNT,Loans,Teller Operations
M861376,Shayne Daelman,CHANGE CUSTOMER DETAIL,XAA ADMIN,DELETE HISTORICAL MISCELLANEOUS ACCOUNT,IRS,Universal Banker I,Personal Banking
M996921,Maighdiln Schwand,COLLATERAL,FM SUPERVISOR - IBS,VIEW MASTER STRUCTURE,IRS,Operations Administrator,Personal Banking
M785144,Ashlee Carpe,CHANGE RETIREMENT PLAN BENEFICIARIES,WIRE TRANSFER CLERK - 3270,ADD RETIREMENT EMPLOYER,ACL,Loans,Teller Operations
M414748,Abbie Atyeo,CHANGE NAME AND ADDRESS,ACCOUNTING CLERK - IBS,VIEW RELATIONSHIP FEE DETAILS,IRS,VP,Personal Banking
M297842,Harry Gillet,CHANGE DEPOSIT ACCOUNT DETAIL,HR & PAYROLL - 3270,CHANGE ACCOUNT PLAN OVERRIDES,CBTA,EVP,Facility Manager
M281811,Ursola Clulow,CHANGE CUSTOMER DETAIL,BO 43 ROLE,CHANGE CUSTODIAL INSTITUTION,FRU,Chief Credit Risk Officer,File Maintenance
M301728,Cheslie Palmer,CHANGE CUSTOMER DETAIL,RETAIL - IBS,CHANGE CUSTODIAL INSTITUTION,AAI,CRA Officer,Executive
M920454,Clari Camilleri,COLLATERAL,EXECUTIVE PERSONAL ASSISTANT - IBS,ADD FLOAT,CBU,Operations Administrator,Personal Banking
M095104,Guthrey Sparham,CHANGE DEPOSIT ACCOUNT DETAIL,CTR - 3270,VIEW ACCOUNT PLAN OVERRIDES,CBTA,Senior Investment Administrator,Teller Operations
M402870,Gabrila Kintzel,HOUSEHOLD,RETAIL - OPEN ACCOUNT - IBS,08 ESTABLISH ACCOUNTS,FRU,Universal Teller,Facility Manager
M312032,Nanine Scothern,TICKLER,TREASURY MANAGEMENT - 3270,ADJUST INTEREST CAPITALIZATION,AAU,File Coordinator,Compliance
M770691,Kale Kidds,CHANGE CUSTOMER DETAIL,BUSINESS DEVELOPMENT - 3270,REVERSE DOLLAR TRANSACTION,CTMI,Loans,Installment Loans
M717361,Dianemarie Kohrding,PENDING - LOANS,EXECUTIVE PERSONAL ASSISTANT - IBS,VIEW ACCOUNT PLAN OVERRIDES,AAI,Senior Investment Administrator,Facility Manager
M973706,Faun Rougier,PRINT MISCELLANEOUS FORMS,ACCOUNTING CLERK - IBS,VIEW ACCOUNT PLAN OVERRIDES,IRS,CRA Officer,Facility Manager
M530661,Melisse Whate,CHANGE RETIREMENT PLAN BENEFICIARIES,RETAIL - IBS,VIEW MASTER STRUCTURE,ECD,Chief Credit Risk Officer,Executive
M700475,Kearney Dongall,PRINT MISCELLANEOUS FORMS,TREASURY MANAGEMENT - 3270,08 ESTABLISH ACCOUNTS,CTP,EVP,Compliance
M492011,Megen Horstead,PRINT MISCELLANEOUS FORMS,IBS LEGACY UI,DELETE MASS ESCROW ANALYSIS,ECR,EVP,Treasury
M008690,Godiva Alten,ACCOUNT INFORMATION,EXECUTIVE PERSONAL ASSISTANT - IBS,VIEW ACCESS HISTORY,DEO,CRA Officer,Personal Banking
M478744,Abrahan Bilton,CHANGE CUSTOMER DETAIL,WIRE TRANSFER CLERK - 3270,EMPLOYEE UPDATE - EXCEPTIONS,ARU,EVP,Treasury
M195429,Tucky MacLese,CHANGE CUSTOMER DETAIL,TREASURY MANAGEMENT - 3270,08 ESTABLISH ACCOUNTS,DEO,Human Resources Generalist,Personal Banking
M612143,Kassandra Climar,HOUSEHOLD,RETAIL - OPEN ACCOUNT - IBS,SEAMLESS LOGIN TO IBS BUSINESS INTELLIGENCE REPORT SCHEDULER,IRS,Universal Banker I,File Maintenance
M233308,Ryann Hassell,COLLATERAL,BO 43 ROLE,ENTER DOLLAR TRANSACTION - TRANSACTION ACCOUNT,ECNT,Senior Investment Administrator,Personal Banking
M960478,Nicolais Putterill,DATA ENTRY,RETAIL - 3270,VIEW ACCOUNT PLAN OVERRIDES,CTP,Human Resources Generalist,Facility Manager
M422088,Ashleigh Pirozzi,PENDING - LOANS,HP CST,EMPLOYEE UPDATE - EXCEPTIONS,ECR,CRA Officer,Teller Operations
M656863,Jean Braddon,CHANGE DEPOSIT ACCOUNT DETAIL,EXECUTIVE PERSONAL ASSISTANT - IBS,VIEW ACCOUNT PLAN OVERRIDES,ARU,CRA Officer,Personal Banking
M338559,Merry Conaghy,DATA ENTRY,LOAN EXCEPTIONS DESKTOP - 3270,VIEW ACCOUNT PLAN OVERRIDES,DEO,Human Resources Generalist,Treasury
M313847,Pren Spurway,INQUIRY ACTIVITIES,XAA ADMIN,ADD RETIREMENT EMPLOYER,DEO,CRA Officer,Compliance
M242572,Ferdinanda Bowmaker,TICKLER,HP CST,DELETE MASS ESCROW ANALYSIS,AAU,Branch Manager I - Retail Banking Officer,Personal Banking
M746096,Miguelita Stanesby,FORMS,EXECUTIVE PERSONAL ASSISTANT - IBS,ADD RETIREMENT EMPLOYER,CBU,Chief Credit Risk Officer,Facility Manager
M208011,Barrett Dechelette,TICKLER,IBS LEGACY UI,ENTER DOLLAR TRANSACTION - TRANSACTION ACCOUNT,CBTA,Universal Teller,Compliance
M457004,Alysa Signoret,COLLATERAL,TREASURY MANAGEMENT - 3270,COMPLETE ACCOUNT IN PROCESS,CBTA,CRA Officer,Facility Manager
M183776,Alayne Slimings,FORMS,WIRE TRANSFER CLERK - 3270,ADJUST INTEREST CAPITALIZATION,IRS,File Maintenance Supervisor,Personal Banking
M407077,Carolynn Doleman,PRINT MISCELLANEOUS FORMS,LOAN EXCEPTIONS DESKTOP - 3270,DELETE HISTORICAL MISCELLANEOUS ACCOUNT,CTP,Senior Investment Administrator,Executive
M543395,Ichabod Louedey,CHANGE DEPOSIT ACCOUNT DETAIL,CTR - 3270,ADJUST INTEREST CAPITALIZATION,CBU,Senior Investment Administrator,File Maintenance
M508005,Jackie Amer,PENDING - LOANS,HR & PAYROLL - 3270,VIEW ACCOUNT PLAN OVERRIDES,AAI,Loans,Installment Loans
M801683,Cristine Gallemore,COLLATERAL,TREASURY MANAGEMENT - 3270,VIEW MASTER STRUCTURE,ARU,Branch Manager I - Retail Banking Officer,File Maintenance
M945743,Fidole Blackah,CHANGE RETIREMENT PLAN BENEFICIARIES,EXECUTIVE PERSONAL ASSISTANT - IBS,VIEW RELATIONSHIP FEE DETAILS,CTMI,Senior Investment Administrator,Facility Manager
M971247,Verina Chapple,EOP SUPPORT TOOL,HR & PAYROLL - 3270,ADD RETIREMENT EMPLOYER,IRS,CRA Officer,Facility Manager
M852824,Karlis Thuillier,PENDING - LOANS,HP CST,REVERSE DOLLAR TRANSACTION,CTMI,CRA Officer,Facility Manager
M900504,Robinia Gildersleeve,CHANGE CUSTOMER DETAIL,RETAIL - IBS,ADD FLOAT,CTP,CRA Officer,Treasury
M536113,Giff Wibberley,TICKLER,LOAN EXCEPTIONS DESKTOP - 3270,DELETE BILLING SETUP,DEO,VP,Facility Manager
M450349,Darci Huffer,FORMS,ATM TERMINAL ACCESS - 3270,ADJUST INTEREST CAPITALIZATION,ECR,Operations Administrator,Executive
M372616,Clemence Drinkhill,EOP SUPPORT TOOL,RETAIL - 3270,REVERSE DOLLAR TRANSACTION,DEO,Human Resources Generalist,Installment Loans
M677435,Andras Dalrymple,CONTAINER,BO 43 ROLE,08 ESTABLISH ACCOUNTS,FRU,Chief Credit Risk Officer,Facility Manager
M930598,Brett Gatrell,FORMS,EXECUTIVE PERSONAL ASSISTANT - IBS,VIEW MASTER STRUCTURE,CBTA,Universal Banker I,Teller Operations
M010268,Leesa Scarlin,TICKLER,EXECUTIVE PERSONAL ASSISTANT - IBS,VIEW ACCESS HISTORY,FRU,CRA Officer,Personal Banking
M180220,Adriana Davers,TICKLER,FM SUPERVISOR - IBS,COMPLETE ACCOUNT IN PROCESS,CTP,Loans,Personal Banking
M406964,Alfons Welbrock,HOUSEHOLD,XAA ADMIN,DELETE HISTORICAL MISCELLANEOUS ACCOUNT,CTP,File Coordinator,Teller Operations
M220925,Diane-marie Kirkebye,PENDING - LOANS,CTR - 3270,VIEW ACCOUNT PLAN OVERRIDES,ARU,EVP,Facility Manager
M136085,Kile Gaiford,TICKLER,RETAIL - IBS,ADJUST INTEREST CAPITALIZATION,CBTA,Branch Manager I - Retail Banking Officer,Personal Banking
M030260,Trixy Grint,PENDING - LOANS,ATM TERMINAL ACCESS - 3270,ADD FLOAT,ECD,CRA Officer,Teller Operations
M008697,Shepherd Bridat,COLLATERAL,HP CST,COMPLETE ACCOUNT IN PROCESS,AAI,Loans,File Maintenance
M815299,Gherardo Muckle,PRINT MISCELLANEOUS FORMS,RETAIL - OPEN ACCOUNT - IBS,05 MAKE DECISION,ACL,CRA Officer,Personal Banking
M301549,Lenore Python,CONTAINER,BO 43 ROLE,DELETE MASS ESCROW ANALYSIS,IRS,Loans,Executive
M247972,Liva Studholme,PRINT MISCELLANEOUS FORMS,FM SUPERVISOR - IBS,COMPLETE ACCOUNT IN PROCESS,CBU,Operations Administrator,Personal Banking
M145773,Boony Stearns,PRINT MISCELLANEOUS FORMS,WIRE TRANSFER CLERK - 3270,DELETE HISTORICAL MISCELLANEOUS ACCOUNT,IRS,Human Resources Generalist,Personal Banking
M926562,Seana Andric,EOP SUPPORT TOOL,LOAN EXCEPTIONS DESKTOP - 3270,SEAMLESS LOGIN TO IBS BUSINESS INTELLIGENCE REPORT SCHEDULER,CBTA,CRA Officer,Treasury
M996566,Meggie Corneil,CONTAINER,RETAIL - IBS,DELETE HISTORICAL MISCELLANEOUS ACCOUNT,CBU,EVP,Personal Banking
M138242,Charmine Christian,CHANGE RETIREMENT PLAN BENEFICIARIES,IBS LEGACY UI,DELETE MASS ESCROW ANALYSIS,CTMI,EVP,File Maintenance
M722726,Georg McArt,ACCOUNT INFORMATION,HR & PAYROLL - 3270,05 MAKE DECISION,CTP,VP,Facility Manager
M011418,Cicily Esplin,CONTAINER,RETAIL - 3270,ENTER DOLLAR TRANSACTION - TRANSACTION ACCOUNT,ECR,Loans,File Maintenance
M559569,Bern McGuirk,CHANGE NAME AND ADDRESS,LOAN EXCEPTIONS DESKTOP - 3270,DELETE HISTORICAL MISCELLANEOUS ACCOUNT,AAU,Senior Investment Administrator,Compliance
M140005,Dianemarie Gehrels,EOP SUPPORT TOOL,RETAIL - IBS,CHANGE CUSTODIAL INSTITUTION,CTMI,Operations Administrator,File Maintenance
M689690,Zachery Shambroke,TICKLER,RETAIL - 3270,ENTER DOLLAR TRANSACTION - TRANSACTION ACCOUNT,CBTA,Branch Manager I - Retail Banking Officer,Facility Manager
M945453,Esta Arkill,TICKLER,FM SUPERVISOR - IBS,DELETE MASS ESCROW ANALYSIS,CTP,Chief Credit Risk Officer,Executive
M045772,Roze Entwistle,DATA ENTRY,LOAN EXCEPTIONS DESKTOP - 3270,EMPLOYEE UPDATE - EXCEPTIONS,IRS,Universal Teller,Facility Manager
M711565,Winthrop Greenrde,CHANGE DEPOSIT ACCOUNT DETAIL,EXECUTIVE PERSONAL ASSISTANT - IBS,VIEW ACCOUNT PLAN OVERRIDES,AAU,Loans,Executive
M226177,Lorens Beinisch,PRINT MISCELLANEOUS FORMS,CTR - 3270,VIEW ACCOUNT PAYOFF QUOTE,ACL,Operations Administrator,Teller Operations
M836621,Nanice Kemwal,PRINT MISCELLANEOUS FORMS,TREASURY MANAGEMENT - 3270,EMPLOYEE UPDATE - EXCEPTIONS,CBU,Operations Administrator,File Maintenance
M370041,Ninnette Roberts,DATA ENTRY,RETAIL - 3270,ADJUST INTEREST CAPITALIZATION,CTMI,File Coordinator,Executive
M379782,Gavin Barnard,CHANGE DEPOSIT ACCOUNT DETAIL,IBS LEGACY UI,05 MAKE DECISION,ECNT,File Maintenance Supervisor,Facility Manager
M135417,Uriel MacNeilley,COLLATERAL,HR & PAYROLL - 3270,VIEW ACCESS HISTORY,FRU,Operations Administrator,Personal Banking
M900907,Mohammed Skettles,CHANGE NAME AND ADDRESS,HP CST,VIEW RELATIONSHIP FEE DETAILS,ECI,Human Resources Generalist,Compliance
M908746,Sydney Roantree,CHANGE CUSTOMER DETAIL,BUSINESS DEVELOPMENT - 3270,ADD FLOAT,CBU,Universal Teller,File Maintenance
M418841,Eddy Kunze,CHANGE RETIREMENT PLAN BENEFICIARIES,LOAN EXCEPTIONS DESKTOP - 3270,DELETE BILLING SETUP,CBTA,CRA Officer,Installment Loans
M191285,Paloma Bulmer,BANK CONTROL,ATM TERMINAL ACCESS - 3270,REVERSE DOLLAR TRANSACTION,AAI,Branch Manager I - Retail Banking Officer,Personal Banking
M295135,Dusty Delucia,PRINT MISCELLANEOUS FORMS,XAA ADMIN,08 ESTABLISH ACCOUNTS,ECR,Operations Administrator,Teller Operations
M583845,Kora Roubert,EOP SUPPORT TOOL,HR & PAYROLL - 3270,08 ESTABLISH ACCOUNTS,IRS,File Coordinator,Facility Manager
M511995,Sondra Custance,BANK CONTROL,ATM TERMINAL ACCESS - 3270,VIEW ACCESS HISTORY,CTMI,Chief Credit Risk Officer,Personal Banking
M732742,Brianna Capponeer,PENDING - LOANS,HP CST,CHANGE CUSTODIAL INSTITUTION,FRU,EVP,Personal Banking
M113615,Peadar Bosher,PRINT MISCELLANEOUS FORMS,HR & PAYROLL - 3270,VIEW MASTER STRUCTURE,CBTA,CRA Officer,Personal Banking
M695658,Aleece Sheldon,PENDING - LOANS,RETAIL - 3270,ADD FLOAT,AAU,Chief Credit Risk Officer,Personal Banking
M492663,Ivor Renoden,INQUIRY ACTIVITIES,TREASURY MANAGEMENT - 3270,VIEW ACCESS HISTORY,CTMI,Senior Investment Administrator,Compliance
M761219,Selia Josovitz,CONTAINER,RETAIL - IBS,SEAMLESS LOGIN TO IBS BUSINESS INTELLIGENCE REPORT SCHEDULER,ECI,VP,File Maintenance
M549885,Jeri Fulle,PRODUCT SETUP,IBS LEGACY UI,ENTER DOLLAR TRANSACTION - TRANSACTION ACCOUNT,CTP,Loans,Personal Banking
M876396,Shayna Isaacson,ACCOUNT INFORMATION,TREASURY MANAGEMENT - 3270,05 MAKE DECISION,CBU,EVP,Personal Banking
M239129,Ameline Keedy,BANK CONTROL,FM SUPERVISOR - IBS,EMPLOYEE UPDATE - EXCEPTIONS,FRU,Human Resources Generalist,Executive
M900761,Madelena Ringsell,COLLATERAL,RETAIL - IBS,VIEW MASTER STRUCTURE,CBU,Senior Investment Administrator,Personal Banking
M908257,Rodie Abrahamson,PRINT MISCELLANEOUS FORMS,WIRE TRANSFER CLERK - 3270,VIEW MASTER STRUCTURE,ECNT,Operations Administrator,File Maintenance
M428758,Elwyn McGrale,TICKLER,BO 43 ROLE,VIEW MASTER STRUCTURE,ECI,Loans,File Maintenance
M783143,Newton Kovnot,CHANGE NAME AND ADDRESS,EXECUTIVE PERSONAL ASSISTANT - IBS,05 MAKE DECISION,CBU,Human Resources Generalist,Personal Banking
M124571,Willi Measham,BANK CONTROL,RETAIL - OPEN ACCOUNT - IBS,EMPLOYEE UPDATE - EXCEPTIONS,CTMI,Senior Investment Administrator,Executive
M975631,Rolfe Stampfer,PRODUCT SETUP,WIRE TRANSFER CLERK - 3270,05 MAKE DECISION,ECD,Operations Administrator,File Maintenance
M082641,Bar Rathjen,CHANGE CUSTOMER DETAIL,XAA ADMIN,ADJUST INTEREST CAPITALIZATION,CBU,Human Resources Generalist,Treasury
M638293,Paulo Saddler,TICKLER,LOAN EXCEPTIONS DESKTOP - 3270,EMPLOYEE UPDATE - EXCEPTIONS,AAU,Chief Credit Risk Officer,Personal Banking
M011558,Lenna Mattisssen,PRODUCT SETUP,BO 43 ROLE,EMPLOYEE UPDATE - EXCEPTIONS,ECI,File Coordinator,Personal Banking
M485432,Inna Stoak,PRODUCT SETUP,HR & PAYROLL - 3270,DELETE BILLING SETUP,FRU,Chief Credit Risk Officer,Facility Manager
M201417,Dirk Farryn,FORMS,HR & PAYROLL - 3270,VIEW ACCOUNT PLAN OVERRIDES,AAU,VP,Treasury
M125320,Justino Grombridge,PRINT MISCELLANEOUS FORMS,LOAN EXCEPTIONS DESKTOP - 3270,ADD RETIREMENT EMPLOYER,AAU,Branch Manager I - Retail Banking Officer,Facility Manager
M277739,Carmina Riccard,ACCOUNT INFORMATION,CTR - 3270,COMPLETE ACCOUNT IN PROCESS,ECD,File Maintenance Supervisor,Facility Manager
M634371,Asa Skeels,COLLATERAL,ATM TERMINAL ACCESS - 3270,VIEW ACCOUNT PAYOFF QUOTE,ECNT,VP,Personal Banking
M398108,Marni Pow,FORMS,BO 43 ROLE,VIEW ACCESS HISTORY,CBTA,File Coordinator,Facility Manager
M256889,Kienan Breewood,EOP SUPPORT TOOL,RETAIL - 3270,ADD RETIREMENT EMPLOYER,CTP,File Maintenance Supervisor,Facility Manager
M887865,Catlaina Voas,CONTAINER,FM SUPERVISOR - IBS,VIEW ACCESS HISTORY,FRU,CRA Officer,Personal Banking
M762447,Hall Van der Brug,CHANGE CUSTOMER DETAIL,RETAIL - IBS,COMPLETE ACCOUNT IN PROCESS,IRS,File Coordinator,Personal Banking
M823211,Addie Balls,CHANGE DEPOSIT ACCOUNT DETAIL,HR & PAYROLL - 3270,ENTER DOLLAR TRANSACTION - TRANSACTION ACCOUNT,ACL,Loans,Facility Manager
M873412,Carolus Barrowclough,PRODUCT SETUP,CTR - 3270,EMPLOYEE UPDATE - EXCEPTIONS,CBTA,CRA Officer,Personal Banking
M868851,Josee Puleston,TICKLER,CTR - 3270,VIEW MASTER STRUCTURE,ECNT,Operations Administrator,Personal Banking
M372039,Trula Coumbe,TICKLER,HR & PAYROLL - 3270,08 ESTABLISH ACCOUNTS,ARU,Human Resources Generalist,Executive
M168270,Carena Josephy,TICKLER,FM SUPERVISOR - IBS,ADD FLOAT,AAI,Human Resources Generalist,Installment Loans
M636099,Marcelle McKellen,TICKLER,ACCOUNTING CLERK - IBS,DELETE BILLING SETUP,ECD,CRA Officer,File Maintenance
M510313,Corabelle Courtney,CHANGE DEPOSIT ACCOUNT DETAIL,ATM TERMINAL ACCESS - 3270,ADD RETIREMENT EMPLOYER,CTP,CRA Officer,Facility Manager
M210889,Noam Maffi,CHANGE NAME AND ADDRESS,HP CST,ADJUST INTEREST CAPITALIZATION,DEO,VP,File Maintenance
M577991,Barnie Ventam,CHANGE RETIREMENT PLAN BENEFICIARIES,RETAIL - IBS,VIEW MASTER STRUCTURE,CBTA,VP,Executive
M633048,Shantee Breston,ACCOUNT INFORMATION,HR & PAYROLL - 3270,08 ESTABLISH ACCOUNTS,ACL,File Coordinator,Treasury
M564552,Elle Chapling,PRINT MISCELLANEOUS FORMS,FM SUPERVISOR - IBS,ENTER DOLLAR TRANSACTION - TRANSACTION ACCOUNT,IRS,File Coordinator,Teller Operations
M839594,Elle Eyden,PRINT MISCELLANEOUS FORMS,XAA ADMIN,DELETE HISTORICAL MISCELLANEOUS ACCOUNT,ECR,EVP,Facility Manager
M709807,Aloise Lusk,EOP SUPPORT TOOL,RETAIL - IBS,VIEW ACCOUNT PAYOFF QUOTE,IRS,Senior Investment Administrator,Treasury
M261360,Callida Fundell,PRODUCT SETUP,XAA ADMIN,VIEW RELATIONSHIP FEE DETAILS,FRU,Branch Manager I - Retail Banking Officer,Treasury
M339336,Ronnica De La Salle,CHANGE NAME AND ADDRESS,ACCOUNTING CLERK - IBS,DELETE MASS ESCROW ANALYSIS,AAU,CRA Officer,Facility Manager
M665522,Clyde Domerc,EOP SUPPORT TOOL,XAA ADMIN,VIEW ACCOUNT PLAN OVERRIDES,CTP,Chief Credit Risk Officer,Teller Operations
M231421,Wolfie Creddon,CONTAINER,EXECUTIVE PERSONAL ASSISTANT - IBS,DELETE HISTORICAL MISCELLANEOUS ACCOUNT,CTMI,File Coordinator,Personal Banking
M234509,Boyd Mansell,HOUSEHOLD,ACCOUNTING CLERK - IBS,ADD FLOAT,CTMI,Operations Administrator,Executive
M007665,Fina Larvin,FORMS,BUSINESS DEVELOPMENT - 3270,DELETE HISTORICAL MISCELLANEOUS ACCOUNT,ARU,CRA Officer,Installment Loans
M748973,Ursola De Vaux,CONTAINER,ACCOUNTING CLERK - IBS,05 MAKE DECISION,CTP,Chief Credit Risk Officer,Personal Banking
M086128,Judd Rocks,TICKLER,ATM TERMINAL ACCESS - 3270,VIEW ACCOUNT PLAN OVERRIDES,CBU,Loans,Personal Banking
M480613,Pearl Habble,PRINT MISCELLANEOUS FORMS,XAA ADMIN,DELETE HISTORICAL MISCELLANEOUS ACCOUNT,CTP,Senior Investment Administrator,Personal Banking
M800452,Rudd Gronous,PRINT MISCELLANEOUS FORMS,WIRE TRANSFER CLERK - 3270,DELETE MASS ESCROW ANALYSIS,ACL,Universal Teller,Personal Banking
M214916,Kermie Odby,EOP SUPPORT TOOL,HR & PAYROLL - 3270,08 ESTABLISH ACCOUNTS,CTMI,Operations Administrator,Compliance
M676460,Meagan Hove,CONTAINER,IBS LEGACY UI,CHANGE CUSTODIAL INSTITUTION,AAI,Chief Credit Risk Officer,Facility Manager
M221125,Trueman Mulryan,ACCOUNT INFORMATION,TREASURY MANAGEMENT - 3270,COMPLETE ACCOUNT IN PROCESS,AAU,EVP,Facility Manager
